l1Size,l1Assoc,l2Size,replacement,inclusion,MRL1,MRL2
1024,4,2048,0,0,0.8118,0.8746489
1024,4,4096,0,0,0.8118,0.69041634
1024,4,8192,0,0,0.8118,0.5050998
1024,4,16384,0,0,0.8118,0.34997538
1024,4,32768,0,0,0.8118,0.21449864
1024,4,65536,0,0,0.8118,0.08112836
1024,4,2048,0,1,0.81817,0.88107604
1024,4,4096,0,1,0.81279,0.69158083
1024,4,8192,0,1,0.81181,0.5051305
1024,4,16384,0,1,0.8118,0.34997538
1024,4,32768,0,1,0.8118,0.21449864
1024,4,65536,0,1,0.8118,0.08112836
